{
  "top_k": 10,
  "relevance_threshold": 4.0,
  "popularity_baseline": {
    "users_evaluated": 5968,
    "recall_at_k": 0.04430193842939371,
    "map_at_k": 0.03799008349181689,
    "coverage": 0.029613380860981628
  },
  "personalized_svd": {
    "users_evaluated": 5968,
    "recall_at_k": 0.01308270675340666,
    "map_at_k": 0.006434142286829855,
    "hit_rate_at_k": 0.10723860589812333,
    "coverage": 0.4139233675121425
  },
  "notes": "Popularity baseline uses most_popular_items.parquet; personalized bundle supports both SVD and BPR artifacts."
}